<!-- $Id: env.xml,v 1.2 2007/01/10 22:19:21 rogatkin Exp $
   Defines current environment specific variables -->
  <expression variable="PATH SEPARATOR">
      <value name="path.separator" type="property"/>
  </expression>
  <variable name="PROJECT_HOME" type="path">.</variable>
  <!-- Only this may require to change -->
  <variable name="JAVA_HOME"/>
  <expression variable="JAVA_HOME">
     <if>
       <expression>
         <operator name="eq">
            <value>/</value>
            <value name="file.separator" type="property"/>
         </operator>
       </expression>
       <block type="then">
         <value>/usr/java/jdk1.5.0</value>
       </block>
       <block type="else">
         <value name="java.home" type="property"/>
       </block>
     </if>
  </expression> 

  <variable name="SERVLET_HOME" type="dir">C:\Project Files\jakarta-tomcat\jsr154</variable>

  <variable name="comp target">1.5</variable>
  <expression variable="JAVA_HOME">
     <function name="cropname">
        <parameter variable="JAVA_HOME"/>
        <parameter>\\jre</parameter>
        <!--parameter>jdk</parameter-->
     </function>
  </expression> 
  
  <expression variable="CUSTOM CP">
    <operator name="append">
       <value variable="SERVLET_HOME"/>
       <value>/servlet.jar</value>
    </operator>
  </expression>
