<!-- $Id: env.xml,v 1.19 2011/01/04 04:28:28 dmitriy Exp $
   Defines current environment specific variables -->

  <expression variable="JAVA_HOME">
        <value name="JAVA_HOME" type="property"/>
  </expression>
  <expression variable="PATH SEPARATOR">
      <value name="path.separator" type="property"/>
  </expression>

  <!-- uncomment line below and provide correct path for Unix unless JAVA_HOME set -->
  <!--variable name="JAVA_HOME">/usr/java/jdk1.6.0</variable-->

  <variable name="TJWS_HOME" type="dir">.</variable>

  <variable name="keystore pass">keyme12</variable>

  <!-- set target version of main module of server, value >= 1.2 
     check for /* 1.4 */ in the code before compiling under 1.4
    -->
  <variable name="target version">1.4</variable>

  <!-- set target version of J2EE deployer and JSS 2.X, value >= 1.5
       use 1.6 and above to get System tray control working -->
  <variable name="j2ee target version">1.5</variable>

  <!-- Android compatible compilation, define it as yes to enable   -->
  <variable name="android">no</variable>

  <!-- set to directory where JSS API classes (servlet.jar) are -->
  <variable name="SERVLET_LIB" type="dir">C:\Projects\servlet\jsr154\servlet.jar</variable>

  <!-- set to directory where JSS API 3.0 classes are -->
  <variable name="SERVLET_LIB_30" type="dir">C:\Projects\servlet\javax.servlet.jar</variable>

  <!-- this path to JSS source files javax package, used for web app launcher -->
  <variable name="SERVLET_SRC" type="dir">C:\Projects\jakarta-tomcat\jsr154\src\share</variable>

  <!-- this path to JSS compiled classes javax package, used for web app launcher -->
  <variable name="SERVLET_BUILD" type="dir">C:\Projects\servlet\jsr154\lib</variable>

  <!-- uncomment below line to use an external JSP engine as Gnu JSP 1.1,
       note that supplied JSP engine is Gnu 0.9  -->
   <variable name="JSP_SERVLET" type="dir">C:\Projects\gnujsp\lib\jspengine.jar</variable> 

  <!-- set JSP API jsp.jar is 
    Note if Jasper 6 and above is used, then below line has to be commented -->
  <variable name="JSP_LIB" type="dir">C:\Projects\servlet\jsr152\jsp.jar</variable> 

  <!--  ===================  Jasper related ====================== -->
  <!-- uncomment below lines related to Jasper if it used as JSP engine, note if JSP_SERVLET
       then Jasper will be ignored -->
<!--   <variable name="JASPER" type="dir">C:\temp\apache-tomcat-6.0.24-src\build\jasper.jar</variable>  -->

<!--   <variable name="JSP_SERVLET"/> -->

  <!-- to get Jasper JSP engine be packaged with embedded applications or applications
       started using launcher, provide fully qialified path to Jasper build directory used 
       for building Jasper 
       Jasper classes have to be there
   -->   
  <variable name="JASPER_BUILD">C:\temp\apache-tomcat-6.0.24-src\build</variable>
  <variable name="JASPER_SRC">C:\temp\apache-tomcat-6.0.24-src\java</variable>


  <!-- Android runtime for compatibility                                    -->
  <variable name="ANDROID_RT">C:\Work Files\android-sdk-windows\platforms\android-9\android.jar</variable>

  <!-- below two libraries required only if Jasper JSP 5.5.x servlet is used.
   Note that they are not required for Jasper 6.x  -->                                                                                      
  <!--variable name="APACHE_COMMONS_LOGGING">C:\Work Files\jasper\dependlib\commons-logging-1.1.jar</variable-->
  <!--variable name="APACHE_COMMONS_EL">C:\Work Files\jasper\dependlib\commons-el.jar</variable-->

  <!-- ========================= compile tables =================================== -->
  <expression variable="target runtime">
     <operator name="append">
         <value>C:/Work Files/jdk</value>
         <value variable="target version"/>
         <value>/lib/rt.jar</value>
         <value variable="PATH SEPARATOR"/>
         <value>C:/Work Files/jdk</value>
         <value variable="target version"/>
         <value>/lib/jsse.jar</value>
         <value variable="PATH SEPARATOR"/>
         <value>C:/Work Files/jdk</value>
         <value variable="target version"/>
         <value>/lib/jce.jar</value>
     </operator>
  </expression>

    <expression variable="target j2ee runtime">
     <operator name="append">
         <value>C:/Work Files/jdk</value>
         <value variable="j2ee target version"/>
         <value>/lib/rt.jar</value>
         <value variable="PATH SEPARATOR"/>
         <value>C:/Work Files/jdk</value>
         <value variable="j2ee target version"/>
         <value>/lib/jsse.jar</value>
     </operator>
  </expression>
  